actor_loss,step
0.54549515,1000
0.5323956,2000
0.49669456,3000
0.4907379,4000
0.520481,5000
0.5062054,6000
0.49573648,7000
